Date,Open,High,Low,"Close 
Close price adjusted for splits.","Adj Close 
Adjusted close price adjusted for splits and dividend and/or capital gain distributions.",Volume
"Aug 28, 2025","7,951.87","8,022.76","7,941.94","7,952.09","7,952.09","399,326,600"
"Aug 27, 2025","7,923.00","7,945.44","7,894.76","7,936.18","7,936.18","357,580,800"
"Aug 26, 2025","7,971.79","7,978.07","7,881.21","7,905.76","7,905.76","504,946,100"
"Aug 25, 2025","7,921.02","7,951.98","7,915.05","7,926.91","7,926.91","376,267,300"
"Aug 22, 2025","7,910.10","7,913.39","7,858.85","7,858.85","7,858.85","320,227,000"
"Aug 21, 2025","7,903.29","7,932.31","7,848.88","7,890.71","7,890.71","341,447,000"
"Aug 20, 2025","7,874.90","7,952.34","7,863.86","7,943.83","7,943.83","374,993,100"
"Aug 19, 2025","7,905.35","7,931.76","7,854.10","7,862.95","7,862.95","358,268,400"
"Aug 15, 2025","7,967.77","8,017.07","7,898.37","7,898.38","7,898.38","346,947,400"
"Aug 14, 2025","7,909.02","7,973.98","7,905.55","7,931.25","7,931.25","361,821,900"
"Aug 13, 2025","7,846.12","7,903.05","7,835.30","7,892.91","7,892.91","323,979,600"
"Aug 12, 2025","7,666.09","7,800.83","7,646.91","7,791.70","7,791.70","272,446,300"
"Aug 11, 2025","7,589.46","7,630.11","7,559.35","7,605.92","7,605.92","238,319,300"
"Aug 8, 2025","7,639.19","7,648.90","7,516.98","7,533.38","7,533.38","234,779,100"
"Aug 7, 2025","7,546.34","7,580.55","7,490.18","7,490.18","7,490.18","278,225,900"
"Aug 6, 2025","7,534.45","7,549.27","7,502.01","7,503.75","7,503.75","260,371,600"
"Aug 5, 2025","7,502.69","7,546.94","7,463.06","7,515.19","7,515.19","246,898,000"
"Aug 4, 2025","7,552.50","7,560.06","7,448.04","7,464.65","7,464.65","266,636,100"
"Aug 1, 2025","7,545.15","7,579.61","7,523.62","7,537.77","7,537.77","257,331,800"
"Jul 31, 2025","7,551.24","7,566.75","7,476.38","7,484.34","7,484.34","325,693,000"
"Jul 30, 2025","7,642.25","7,667.56","7,528.13","7,549.89","7,549.89","282,476,700"
"Jul 29, 2025","7,625.79","7,680.19","7,565.79","7,617.91","7,617.91","230,535,000"
"Jul 28, 2025","7,630.75","7,669.45","7,614.77","7,614.77","7,614.77","229,532,300"
"Jul 25, 2025","7,542.38","7,552.77","7,515.13","7,543.50","7,543.50","215,990,900"
"Jul 24, 2025","7,485.08","7,568.22","7,478.36","7,530.90","7,530.90","242,813,700"
"Jul 23, 2025","7,378.23","7,469.23","7,355.00","7,469.23","7,469.23","247,067,700"
"Jul 22, 2025","7,440.29","7,457.38","7,344.74","7,344.74","7,344.74","279,326,600"
"Jul 21, 2025","7,366.31","7,408.01","7,306.87","7,398.19","7,398.19","287,814,600"
"Jul 18, 2025","7,346.04","7,401.58","7,311.92","7,311.92","7,311.92","273,828,000"
"Jul 17, 2025","7,229.26","7,291.56","7,226.12","7,287.02","7,287.02","202,116,700"
"Jul 16, 2025","7,182.65","7,216.81","7,142.86","7,192.02","7,192.02","227,976,400"
"Jul 15, 2025","7,122.08","7,161.84","7,079.00","7,140.47","7,140.47","199,389,400"
"Jul 14, 2025","7,130.54","7,136.30","7,071.34","7,097.15","7,097.15","205,642,100"
"Jul 11, 2025","7,036.30","7,055.79","7,026.49","7,047.44","7,047.44","165,301,900"
"Jul 10, 2025","6,968.80","7,013.63","6,955.46","7,005.37","7,005.37","167,684,600"
"Jul 9, 2025","6,918.70","6,943.92","6,907.21","6,943.92","6,943.92","157,353,100"
"Jul 8, 2025","6,892.34","6,916.83","6,885.28","6,904.39","6,904.39","151,801,800"
"Jul 7, 2025","6,874.01","6,900.93","6,844.86","6,900.93","6,900.93","120,827,500"
"Jul 4, 2025","6,893.22","6,916.67","6,843.69","6,865.19","6,865.19","132,824,800"
"Jul 3, 2025","6,898.63","6,922.73","6,877.44","6,878.05","6,878.05","154,435,700"
"Jul 2, 2025","6,896.42","6,905.37","6,838.40","6,881.25","6,881.25","182,041,600"
"Jul 1, 2025","6,954.39","6,971.24","6,885.14","6,915.36","6,915.36","149,285,200"
"Jun 30, 2025","6,936.06","6,949.28","6,876.26","6,927.68","6,927.68","167,652,600"
"Jun 26, 2025","6,842.01","6,897.40","6,817.41","6,897.40","6,897.40","154,075,100"
"Jun 25, 2025","6,908.92","6,918.78","6,814.74","6,832.14","6,832.14","170,914,900"
"Jun 24, 2025","6,864.28","6,924.97","6,852.11","6,869.17","6,869.17","186,087,300"
"Jun 23, 2025","6,833.48","6,834.77","6,745.15","6,787.14","6,787.14","226,947,900"
"Jun 20, 2025","6,948.28","6,956.81","6,873.72","6,907.14","6,907.14","331,625,100"
"Jun 19, 2025","7,107.79","7,115.90","6,935.01","6,968.64","6,968.64","222,226,000"
"Jun 18, 2025","7,155.12","7,166.67","7,089.46","7,107.79","7,107.79","180,387,400"
"Jun 17, 2025","7,163.03","7,181.47","7,143.60","7,155.85","7,155.85","173,034,400"
"Jun 16, 2025","7,158.90","7,211.54","7,117.59","7,117.59","7,117.59","224,577,700"
"Jun 13, 2025","7,191.12","7,192.66","7,149.61","7,166.06","7,166.06","230,230,400"
"Jun 12, 2025","7,219.56","7,237.27","7,191.90","7,204.37","7,204.37","281,607,200"
"Jun 11, 2025","7,232.68","7,239.96","7,172.20","7,222.46","7,222.46","262,581,600"
"Jun 10, 2025","7,136.86","7,230.75","7,133.38","7,230.75","7,230.75","265,169,800"
"Jun 5, 2025","7,100.24","7,136.64","7,083.89","7,113.42","7,113.42","193,147,800"
"Jun 4, 2025","7,083.24","7,094.45","7,052.91","7,069.04","7,069.04","232,777,400"
"Jun 3, 2025","7,071.64","7,090.35","6,994.16","7,044.82","7,044.82","199,730,400"
"Jun 2, 2025","7,134.49","7,152.91","7,035.84","7,065.07","7,065.07","240,143,000"
"May 28, 2025","7,223.51","7,237.34","7,166.68","7,175.82","7,175.82","277,488,600"
"May 27, 2025","7,204.17","7,212.57","7,162.96","7,198.97","7,198.97","245,398,700"
"May 26, 2025","7,231.48","7,240.08","7,129.39","7,188.35","7,188.35","331,040,000"
"May 23, 2025","7,206.36","7,223.25","7,177.25","7,214.16","7,214.16","152,151,100"
"May 22, 2025","7,165.10","7,190.67","7,136.78","7,166.98","7,166.98","201,247,200"
"May 21, 2025","7,114.70","7,170.72","7,109.22","7,142.46","7,142.46","228,188,900"
"May 20, 2025","7,164.15","7,202.82","7,088.62","7,094.60","7,094.60","219,667,500"
"May 19, 2025","7,113.44","7,160.66","7,085.97","7,141.09","7,141.09","227,261,200"
"May 16, 2025","7,092.23","7,106.53","7,009.85","7,106.53","7,106.53","239,677,400"
"May 15, 2025","7,003.15","7,076.74","7,002.37","7,040.16","7,040.16","343,582,300"
"May 14, 2025","6,915.96","6,987.78","6,914.75","6,979.88","6,979.88","272,470,100"
"May 9, 2025","6,849.45","6,882.32","6,811.77","6,832.80","6,832.80","164,380,000"
"May 8, 2025","6,945.98","6,965.93","6,824.65","6,827.75","6,827.75","260,892,400"
"May 7, 2025","6,925.25","6,970.50","6,909.96","6,926.23","6,926.23","187,668,100"
"May 6, 2025","6,860.45","6,913.69","6,858.15","6,898.20","6,898.20","162,346,800"
"May 5, 2025","6,844.37","6,879.11","6,824.40","6,831.95","6,831.95","194,998,400"
"May 2, 2025","6,811.11","6,818.28","6,765.83","6,815.73","6,815.73","183,083,600"
"Apr 30, 2025","6,755.46","6,791.25","6,725.97","6,766.79","6,766.79","210,149,800"
"Apr 29, 2025","6,748.99","6,763.89","6,724.32","6,749.08","6,749.08","193,012,300"
"Apr 28, 2025","6,716.21","6,738.35","6,688.78","6,722.97","6,722.97","164,549,400"
"Apr 25, 2025","6,660.62","6,683.36","6,640.78","6,678.92","6,678.92","169,030,400"
"Apr 24, 2025","6,671.07","6,697.90","6,585.46","6,613.48","6,613.48","159,090,300"
"Apr 23, 2025","6,589.33","6,642.92","6,588.26","6,634.38","6,634.38","184,488,000"
"Apr 22, 2025","6,455.08","6,538.32","6,428.10","6,538.27","6,538.27","150,312,500"
"Apr 21, 2025","6,450.31","6,472.54","6,406.80","6,445.97","6,445.97","108,855,100"
"Apr 17, 2025","6,407.02","6,438.27","6,384.29","6,438.27","6,438.27","131,124,200"
"Apr 16, 2025","6,461.27","6,469.60","6,373.79","6,400.05","6,400.05","142,022,700"
"Apr 15, 2025","6,444.34","6,497.53","6,395.93","6,441.68","6,441.68","147,079,600"
"Apr 14, 2025","6,225.34","6,404.07","6,225.34","6,368.52","6,368.52","149,701,700"
"Apr 11, 2025","6,195.57","6,298.78","6,148.78","6,262.23","6,262.23","117,642,700"
"Apr 10, 2025","6,270.61","6,310.83","6,188.67","6,254.02","6,254.02","181,443,500"
"Apr 9, 2025","5,978.44","6,092.41","5,949.60","5,967.99","5,967.99","150,044,400"
"Apr 8, 2025","5,914.29","6,036.55","5,882.60","5,996.14","5,996.14","184,790,800"
"Mar 27, 2025","6,462.60","6,510.62","6,417.24","6,510.62","6,510.62","121,855,500"
"Mar 26, 2025","6,314.33","6,489.15","6,312.97","6,472.36","6,472.36","159,762,700"
"Mar 25, 2025","6,197.99","6,265.30","6,178.49","6,235.62","6,235.62","111,267,000"
"Mar 24, 2025","6,242.23","6,269.90","5,967.19","6,161.22","6,161.22","124,187,900"
"Mar 21, 2025","6,418.39","6,426.17","6,218.60","6,258.18","6,258.18","190,225,100"
"Mar 20, 2025","6,372.61","6,446.89","6,353.69","6,381.67","6,381.67","146,168,800"
"Mar 19, 2025","6,221.20","6,332.73","6,147.43","6,311.66","6,311.66","126,795,800"
"Mar 18, 2025","6,458.67","6,465.22","6,011.84","6,223.39","6,223.39","233,069,600"
"Mar 17, 2025","6,490.67","6,557.41","6,445.98","6,471.95","6,471.95","126,321,100"
"Mar 14, 2025","6,623.69","6,632.08","6,514.69","6,515.63","6,515.63","122,970,500"
"Mar 13, 2025","6,700.11","6,707.39","6,618.54","6,647.42","6,647.42","139,851,000"
"Mar 12, 2025","6,566.80","6,665.04","6,566.20","6,665.04","6,665.04","139,690,400"
"Mar 11, 2025","6,535.87","6,567.58","6,499.04","6,545.85","6,545.85","150,016,300"
"Mar 10, 2025","6,618.92","6,629.44","6,568.13","6,598.21","6,598.21","153,564,400"
"Mar 7, 2025","6,631.31","6,682.94","6,577.83","6,636.00","6,636.00","198,389,400"
"Mar 6, 2025","6,577.85","6,667.89","6,573.80","6,617.85","6,617.85","138,941,500"
"Mar 5, 2025","6,404.69","6,570.82","6,404.69","6,531.40","6,531.40","143,533,500"
"Mar 4, 2025","6,524.70","6,528.97","6,361.40","6,380.40","6,380.40","149,084,200"
"Mar 3, 2025","6,362.15","6,570.95","6,347.10","6,519.66","6,519.66","170,810,200"
"Feb 28, 2025","6,446.64","6,447.88","6,246.28","6,270.60","6,270.60","196,893,700"
"Feb 27, 2025","6,609.89","6,626.26","6,443.22","6,485.45","6,485.45","156,489,700"
"Feb 26, 2025","6,627.02","6,682.87","6,547.24","6,606.18","6,606.18","135,195,100"
"Feb 25, 2025","6,749.44","6,772.65","6,576.97","6,587.09","6,587.09","194,167,900"
"Feb 24, 2025","6,801.68","6,818.79","6,732.41","6,749.60","6,749.60","156,247,700"
"Feb 21, 2025","6,788.90","6,814.87","6,758.35","6,803.00","6,803.00","131,140,300"
"Feb 20, 2025","6,796.67","6,836.72","6,755.43","6,788.04","6,788.04","168,907,900"
"Feb 19, 2025","6,877.16","6,886.92","6,773.91","6,794.87","6,794.87","159,932,500"
"Feb 18, 2025","6,847.77","6,908.70","6,830.78","6,873.55","6,873.55","158,584,300"
"Feb 17, 2025","6,663.31","6,830.88","6,658.22","6,830.88","6,830.88","136,644,900"
"Feb 14, 2025","6,640.13","6,679.40","6,609.67","6,638.46","6,638.46","121,300,000"
"Feb 13, 2025","6,637.42","6,647.10","6,565.78","6,613.57","6,613.57","126,053,300"
"Feb 12, 2025","6,540.95","6,645.78","6,537.48","6,645.78","6,645.78","141,288,200"
"Feb 11, 2025","6,629.81","6,658.23","6,500.46","6,531.99","6,531.99","146,025,200"
"Feb 10, 2025","6,681.23","6,713.95","6,585.98","6,648.14","6,648.14","153,503,000"
"Feb 7, 2025","6,758.10","6,769.78","6,656.72","6,742.58","6,742.58","152,142,600"
"Feb 6, 2025","7,030.19","7,033.62","6,830.11","6,875.54","6,875.54","170,868,800"
"Feb 5, 2025","7,071.58","7,079.46","7,002.52","7,024.23","7,024.23","247,130,700"
"Feb 4, 2025","7,051.48","7,125.94","7,037.63","7,073.46","7,073.46","250,749,100"
"Feb 3, 2025","7,087.75","7,089.70","6,933.14","7,030.06","7,030.06","135,419,500"
"Jan 31, 2025","7,113.58","7,174.75","7,095.68","7,109.20","7,109.20","125,561,900"
"Jan 30, 2025","7,142.79","7,150.29","7,042.69","7,073.48","7,073.48","156,862,200"
"Jan 24, 2025","7,255.02","7,261.45","7,166.06","7,166.06","7,166.06","122,224,300"
"Jan 23, 2025","7,275.00","7,324.63","7,232.64","7,232.64","7,232.64","142,025,900"
"Jan 22, 2025","7,227.02","7,267.49","7,223.26","7,257.13","7,257.13","146,457,400"
"Jan 21, 2025","7,207.59","7,221.73","7,176.33","7,181.82","7,181.82","176,177,100"
"Jan 20, 2025","7,188.40","7,201.61","7,165.44","7,170.74","7,170.74","183,080,100"
"Jan 17, 2025","7,115.05","7,178.81","7,084.30","7,154.66","7,154.66","197,761,000"
"Jan 16, 2025","7,165.18","7,190.61","7,071.91","7,107.52","7,107.52","144,790,100"
"Jan 15, 2025","6,992.85","7,084.56","6,977.77","7,079.56","7,079.56","173,538,400"
"Jan 14, 2025","7,014.80","7,042.33","6,956.67","6,956.67","6,956.67","151,037,100"
"Jan 13, 2025","7,076.70","7,089.57","6,986.59","7,016.88","7,016.88","149,887,800"
"Jan 10, 2025","7,076.90","7,121.63","7,074.14","7,088.87","7,088.87","166,170,500"
"Jan 9, 2025","7,093.25","7,106.46","7,062.10","7,064.59","7,064.59","148,465,600"
"Jan 8, 2025","7,099.66","7,129.29","7,046.17","7,080.35","7,080.35","147,124,800"
"Jan 7, 2025","7,074.26","7,103.19","7,029.51","7,083.28","7,083.28","144,709,900"
"Jan 6, 2025","7,176.12","7,182.02","7,073.95","7,080.47","7,080.47","192,190,300"
"Jan 3, 2025","7,177.25","7,197.01","7,135.28","7,164.43","7,164.43","182,944,400"
"Jan 2, 2025","7,092.43","7,163.21","7,088.32","7,163.21","7,163.21","161,752,600"
"Dec 30, 2024","7,026.78","7,079.90","6,993.07","7,079.90","7,079.90","159,672,400"
"Dec 27, 2024","7,073.38","7,100.27","7,024.71","7,036.57","7,036.57","144,277,600"
"Dec 24, 2024","7,115.64","7,120.58","7,063.75","7,065.75","7,065.75","110,632,900"
"Dec 23, 2024","7,037.53","7,096.44","7,035.73","7,096.44","7,096.44","138,664,700"
"Dec 20, 2024","6,980.17","7,032.40","6,931.58","6,983.87","6,983.87","145,749,700"
"Dec 19, 2024","7,034.62","7,040.55","6,951.05","6,977.24","6,977.24","170,862,900"
"Dec 18, 2024","7,168.97","7,216.88","7,105.07","7,107.88","7,107.88","122,373,300"
"Dec 17, 2024","7,238.17","7,263.31","7,132.06","7,157.73","7,157.73","157,427,600"
"Dec 16, 2024","7,304.22","7,320.79","7,204.65","7,258.63","7,258.63","186,546,900"
"Dec 13, 2024","7,379.75","7,399.90","7,324.79","7,324.79","7,324.79","120,050,700"
"Dec 12, 2024","7,441.97","7,470.89","7,380.03","7,394.24","7,394.24","147,665,300"
"Dec 11, 2024","7,444.86","7,530.56","7,444.17","7,464.75","7,464.75","235,486,300"
"Dec 10, 2024","7,448.77","7,457.81","7,396.79","7,453.29","7,453.29","203,350,400"
"Dec 9, 2024","7,382.61","7,440.98","7,380.66","7,437.73","7,437.73","230,130,900"
"Dec 6, 2024","7,302.67","7,382.81","7,287.60","7,382.79","7,382.79","130,161,700"
"Dec 5, 2024","7,326.02","7,338.60","7,283.50","7,313.31","7,313.31","131,417,800"
"Dec 4, 2024","7,198.10","7,328.32","7,187.48","7,326.76","7,326.76","166,379,200"
"Dec 3, 2024","7,104.93","7,196.02","7,102.22","7,196.02","7,196.02","176,316,700"
"Dec 2, 2024","7,117.75","7,153.03","7,041.34","7,046.99","7,046.99","163,941,100"
"Nov 29, 2024","7,168.00","7,189.13","7,107.28","7,114.27","7,114.27","218,431,100"
"Nov 28, 2024","7,215.91","7,249.69","7,195.67","7,200.16","7,200.16","178,995,100"
"Nov 26, 2024","7,329.53","7,341.60","7,245.89","7,245.89","7,245.89","164,096,700"
"Nov 25, 2024","7,218.95","7,329.49","7,218.83","7,314.11","7,314.11","264,819,900"
"Nov 22, 2024","7,154.68","7,215.69","7,154.45","7,195.56","7,195.56","205,841,500"
"Nov 21, 2024","7,168.33","7,209.36","7,140.91","7,140.91","7,140.91","155,717,100"
"Nov 20, 2024","7,214.00","7,229.71","7,171.27","7,180.33","7,180.33","164,074,200"
"Nov 19, 2024","7,140.19","7,229.83","7,136.69","7,195.71","7,195.71","205,098,000"
"Nov 18, 2024","7,152.08","7,174.75","7,118.87","7,134.28","7,134.28","191,734,000"
"Nov 15, 2024","7,192.21","7,241.66","7,122.68","7,161.26","7,161.26","213,100,000"
"Nov 14, 2024","7,303.90","7,318.78","7,214.56","7,214.56","7,214.56","209,423,400"
"Nov 13, 2024","7,344.01","7,370.39","7,304.87","7,308.67","7,308.67","226,286,700"
"Nov 12, 2024","7,271.17","7,344.07","7,268.61","7,321.99","7,321.99","287,694,700"
"Nov 11, 2024","7,259.29","7,282.20","7,182.31","7,266.46","7,266.46","221,004,900"
"Nov 8, 2024","7,263.96","7,350.36","7,263.96","7,287.19","7,287.19","148,863,600"
"Nov 7, 2024","7,373.57","7,381.76","7,243.86","7,243.86","7,243.86","204,087,800"
"Nov 6, 2024","7,495.13","7,506.60","7,363.03","7,383.87","7,383.87","235,788,800"
"Nov 5, 2024","7,474.45","7,497.00","7,451.55","7,491.93","7,491.93","182,653,900"
"Nov 4, 2024","7,505.11","7,529.70","7,415.81","7,479.50","7,479.50","212,287,900"
"Nov 1, 2024","7,573.79","7,583.69","7,485.46","7,505.26","7,505.26","155,270,800"
"Oct 31, 2024","7,569.72","7,617.36","7,558.68","7,574.02","7,574.02","203,290,200"
"Oct 30, 2024","7,558.80","7,581.91","7,521.73","7,569.85","7,569.85","168,203,300"
"Oct 29, 2024","7,625.47","7,666.43","7,587.21","7,606.60","7,606.60","182,774,700"
"Oct 28, 2024","7,705.87","7,714.74","7,599.62","7,634.63","7,634.63","197,205,700"
"Oct 25, 2024","7,717.43","7,752.25","7,678.18","7,694.66","7,694.66","205,788,500"
"Oct 24, 2024","7,778.66","7,794.86","7,716.55","7,716.55","7,716.55","242,869,700"
"Oct 23, 2024","7,774.01","7,805.92","7,761.25","7,787.56","7,787.56","269,650,200"
"Oct 22, 2024","7,752.38","7,801.40","7,731.96","7,788.98","7,788.98","286,785,700"
"Oct 21, 2024","7,780.25","7,795.09","7,739.89","7,772.60","7,772.60","246,855,900"
"Oct 18, 2024","7,762.15","7,790.71","7,718.68","7,760.06","7,760.06","234,291,900"
"Oct 17, 2024","7,661.07","7,758.67","7,657.72","7,735.04","7,735.04","224,594,300"
"Oct 16, 2024","7,645.21","7,658.40","7,616.60","7,648.94","7,648.94","197,424,300"
"Oct 15, 2024","7,579.05","7,635.04","7,573.45","7,626.95","7,626.95","218,732,600"
"Oct 14, 2024","7,518.81","7,570.27","7,518.81","7,559.65","7,559.65","205,872,100"
"Oct 11, 2024","7,520.53","7,549.54","7,506.28","7,520.60","7,520.60","159,472,100"
"Oct 10, 2024","7,501.87","7,528.95","7,467.82","7,480.08","7,480.08","157,952,700"
"Oct 9, 2024","7,556.56","7,595.58","7,501.22","7,501.29","7,501.29","169,190,500"
"Oct 8, 2024","7,486.72","7,592.88","7,449.48","7,557.14","7,557.14","194,830,700"
"Oct 7, 2024","7,493.66","7,540.24","7,450.20","7,504.13","7,504.13","235,809,600"
"Oct 4, 2024","7,531.79","7,549.23","7,467.80","7,496.09","7,496.09","223,945,300"
"Oct 3, 2024","7,567.45","7,581.33","7,504.41","7,543.83","7,543.83","189,365,800"
"Oct 2, 2024","7,601.74","7,619.10","7,501.46","7,563.26","7,563.26","315,317,300"
"Oct 1, 2024","7,551.46","7,642.13","7,547.11","7,642.13","7,642.13","206,962,900"
"Sep 30, 2024","7,674.29","7,679.24","7,527.93","7,527.93","7,527.93","222,223,500"
"Sep 27, 2024","7,713.80","7,736.92","7,663.48","7,696.92","7,696.92","190,512,300"
"Sep 26, 2024","7,723.10","7,763.08","7,673.05","7,744.52","7,744.52","202,756,700"
"Sep 25, 2024","7,747.85","7,760.88","7,633.45","7,740.90","7,740.90","276,661,800"
"Sep 24, 2024","7,774.56","7,810.54","7,717.84","7,778.49","7,778.49","182,808,900"
"Sep 23, 2024","7,743.20","7,775.73","7,675.29","7,775.73","7,775.73","260,227,800"
"Sep 20, 2024","7,904.40","7,904.51","7,738.32","7,743.00","7,743.00","317,741,900"
"Sep 19, 2024","7,858.11","7,910.56","7,853.35","7,905.39","7,905.39","259,454,000"
"Sep 18, 2024","7,845.81","7,879.04","7,818.96","7,829.13","7,829.13","241,800,200"
"Sep 17, 2024","7,832.52","7,854.02","7,802.27","7,831.78","7,831.78","216,113,800"
"Sep 13, 2024","7,805.69","7,828.97","7,775.64","7,812.13","7,812.13","162,457,200"
"Sep 12, 2024","7,782.02","7,833.27","7,782.02","7,798.15","7,798.15","252,749,100"
"Sep 11, 2024","7,770.27","7,802.48","7,736.78","7,760.96","7,760.96","171,932,600"
"Sep 10, 2024","7,725.28","7,764.78","7,723.30","7,761.39","7,761.39","196,539,800"
"Sep 9, 2024","7,729.25","7,748.33","7,654.73","7,702.74","7,702.74","138,539,000"
"Sep 6, 2024","7,684.81","7,754.48","7,683.70","7,721.85","7,721.85","122,729,500"
"Sep 5, 2024","7,679.65","7,722.23","7,650.80","7,681.04","7,681.04","137,717,400"
"Sep 4, 2024","7,577.10","7,672.90","7,546.05","7,672.90","7,672.90","147,636,500"
"Sep 3, 2024","7,706.65","7,726.66","7,598.47","7,616.52","7,616.52","165,704,700"
"Sep 2, 2024","7,686.54","7,726.19","7,669.92","7,694.53","7,694.53","156,165,700"
"Aug 30, 2024","7,642.78","7,673.18","7,616.35","7,670.73","7,670.73","194,479,000"
"Aug 29, 2024","7,679.53","7,715.76","7,627.60","7,627.60","7,627.60","153,940,300"
"Aug 28, 2024","7,604.33","7,672.29","7,581.05","7,658.88","7,658.88","152,042,100"
"Aug 27, 2024","7,598.46","7,610.20","7,547.26","7,597.88","7,597.88","141,150,100"
"Aug 26, 2024","7,549.41","7,619.90","7,549.41","7,606.19","7,606.19","142,108,800"
"Aug 23, 2024","7,510.66","7,567.51","7,507.74","7,544.30","7,544.30","128,771,000"
"Aug 22, 2024","7,531.35","7,540.27","7,460.40","7,488.68","7,488.68","140,745,300"
"Aug 21, 2024","7,563.08","7,594.55","7,543.64","7,554.59","7,554.59","199,930,800"
"Aug 20, 2024","7,490.32","7,538.16","7,482.50","7,533.98","7,533.98","183,613,200"
"Aug 19, 2024","7,428.74","7,466.83","7,420.38","7,466.83","7,466.83","138,674,400"
"Aug 16, 2024","7,443.94","7,459.75","7,417.21","7,432.09","7,432.09","151,268,200"
"Aug 15, 2024","7,442.91","7,460.39","7,386.74","7,409.50","7,409.50","150,416,800"
"Aug 14, 2024","7,377.01","7,445.66","7,372.89","7,436.04","7,436.04","168,060,500"
"Aug 13, 2024","7,316.43","7,366.65","7,286.55","7,356.64","7,356.64","146,066,800"
"Aug 12, 2024","7,265.15","7,297.63","7,230.79","7,297.63","7,297.63","156,405,500"
"Aug 9, 2024","7,219.98","7,267.42","7,219.92","7,257.00","7,257.00","112,712,600"
"Aug 8, 2024","7,212.74","7,234.45","7,181.77","7,195.12","7,195.12","125,248,900"
"Aug 7, 2024","7,149.51","7,246.26","7,147.29","7,212.13","7,212.13","128,572,200"
"Aug 6, 2024","7,098.67","7,167.26","7,066.50","7,129.21","7,129.21","122,457,600"
"Aug 5, 2024","7,254.61","7,257.48","6,998.81","7,059.65","7,059.65","196,047,200"
"Aug 2, 2024","7,304.09","7,337.98","7,264.01","7,308.12","7,308.12","130,681,400"
"Aug 1, 2024","7,274.52","7,325.98","7,258.87","7,325.98","7,325.98","119,012,300"
"Jul 31, 2024","7,251.80","7,275.19","7,226.50","7,255.76","7,255.76","140,459,400"
"Jul 30, 2024","7,283.92","7,292.56","7,226.78","7,241.86","7,241.86","124,088,300"
"Jul 29, 2024","7,304.60","7,333.90","7,274.25","7,288.90","7,288.90","131,946,800"
"Jul 26, 2024","7,262.13","7,298.96","7,256.53","7,288.17","7,288.17","128,745,600"
"Jul 25, 2024","7,264.21","7,268.05","7,207.82","7,240.28","7,240.28","125,922,000"
"Jul 24, 2024","7,298.51","7,311.15","7,249.28","7,262.76","7,262.76","149,278,800"
"Jul 23, 2024","7,336.28","7,347.02","7,293.31","7,313.86","7,313.86","251,719,000"
"Jul 22, 2024","7,316.25","7,341.91","7,301.42","7,321.98","7,321.98","140,918,600"
"Jul 19, 2024","7,304.28","7,315.14","7,249.82","7,294.50","7,294.50","125,286,800"
"Jul 18, 2024","7,231.73","7,330.81","7,220.10","7,321.07","7,321.07","146,217,900"
"Jul 17, 2024","7,261.22","7,265.09","7,207.58","7,224.22","7,224.22","218,209,000"
"Jul 16, 2024","7,289.81","7,294.79","7,213.28","7,224.29","7,224.29","107,863,200"
"Jul 15, 2024","7,336.31","7,346.10","7,252.81","7,278.86","7,278.86","107,422,000"
"Jul 12, 2024","7,336.48","7,354.16","7,300.75","7,327.58","7,327.58","130,722,300"
"Jul 11, 2024","7,302.50","7,328.27","7,274.06","7,300.41","7,300.41","146,390,900"
"Jul 10, 2024","7,283.19","7,313.20","7,272.12","7,287.04","7,287.04","214,279,500"
"Jul 9, 2024","7,254.16","7,302.94","7,239.64","7,269.80","7,269.80","136,101,900"
"Jul 8, 2024","7,261.98","7,265.08","7,215.47","7,250.98","7,250.98","160,069,900"
"Jul 5, 2024","7,248.72","7,275.94","7,213.39","7,253.37","7,253.37","130,902,100"
"Jul 4, 2024","7,212.70","7,262.84","7,204.44","7,220.89","7,220.89","158,574,300"
"Jul 3, 2024","7,153.77","7,196.75","7,126.81","7,196.75","7,196.75","126,775,400"
"Jul 2, 2024","7,149.04","7,176.87","7,099.05","7,125.14","7,125.14","121,880,100"
"Jul 1, 2024","7,076.63","7,139.63","7,075.38","7,139.63","7,139.63","108,297,900"
"Jun 28, 2024","6,989.37","7,084.62","6,987.80","7,063.58","7,063.58","104,714,500"
"Jun 27, 2024","6,929.15","6,968.14","6,915.83","6,967.95","6,967.95","85,223,100"
"Jun 26, 2024","6,885.82","6,936.26","6,885.40","6,905.64","6,905.64","111,785,600"
"Jun 25, 2024","6,874.87","6,890.44","6,843.65","6,882.70","6,882.70","103,645,300"
"Jun 24, 2024","6,877.47","6,914.81","6,870.31","6,889.17","6,889.17","113,953,400"
"Jun 21, 2024","6,838.48","6,945.83","6,823.06","6,879.98","6,879.98","202,168,500"
"Jun 20, 2024","6,751.24","6,825.56","6,728.40","6,819.32","6,819.32","138,884,000"
"Jun 19, 2024","6,739.90","6,791.53","6,698.85","6,726.92","6,726.92","215,680,300"
"Jun 14, 2024","6,829.99","6,840.20","6,713.27","6,734.83","6,734.83","143,790,500"
"Jun 13, 2024","6,893.84","6,896.65","6,831.56","6,831.56","6,831.56","154,352,200"
"Jun 12, 2024","6,859.35","6,866.27","6,821.51","6,850.10","6,850.10","165,086,100"
"Jun 11, 2024","6,900.31","6,932.46","6,855.69","6,855.69","6,855.69","150,124,200"
"Jun 10, 2024","6,910.72","6,929.10","6,846.38","6,921.55","6,921.55","228,419,200"
"Jun 7, 2024","6,987.79","6,994.12","6,887.81","6,897.95","6,897.95","109,886,700"
"Jun 6, 2024","6,992.56","7,032.57","6,939.55","6,974.90","6,974.90","129,986,000"
"Jun 5, 2024","7,114.54","7,118.35","6,934.94","6,947.67","6,947.67","137,116,300"
"Jun 4, 2024","7,071.09","7,149.19","7,065.03","7,099.31","7,099.31","160,663,800"
"Jun 3, 2024","7,030.21","7,088.40","6,993.09","7,036.19","7,036.19","141,774,800"
"May 31, 2024","7,076.37","7,102.22","6,959.23","6,970.74","6,970.74","269,684,600"
"May 30, 2024","7,125.77","7,134.71","6,984.98","7,034.14","7,034.14","177,693,800"
"May 29, 2024","7,275.53","7,282.00","7,127.21","7,140.23","7,140.23","144,619,600"
"May 28, 2024","7,228.51","7,308.14","7,228.41","7,253.63","7,253.63","166,427,200"
"May 27, 2024","7,219.98","7,256.18","7,171.49","7,176.42","7,176.42","190,885,600"
"May 22, 2024","7,198.19","7,239.86","7,191.11","7,222.38","7,222.38","135,720,300"
"May 21, 2024","7,258.41","7,295.06","7,179.53","7,186.04","7,186.04","135,589,400"
"May 20, 2024","7,329.40","7,374.55","7,243.01","7,266.69","7,266.69","158,071,100"
"May 17, 2024","7,249.73","7,356.71","7,245.20","7,317.24","7,317.24","181,505,100"
"May 16, 2024","7,203.17","7,270.76","7,201.92","7,246.70","7,246.70","154,713,600"
"May 15, 2024","7,085.38","7,192.15","7,082.12","7,179.83","7,179.83","139,854,300"
"May 14, 2024","7,095.52","7,136.64","7,071.50","7,083.76","7,083.76","137,468,100"
"May 13, 2024","7,061.37","7,111.60","7,052.23","7,099.26","7,099.26","134,590,500"
"May 8, 2024","7,129.46","7,164.31","7,071.35","7,088.79","7,088.79","147,871,800"
"May 7, 2024","7,136.85","7,159.77","7,108.18","7,123.61","7,123.61","148,490,800"
"May 6, 2024","7,171.59","7,178.77","7,102.69","7,135.89","7,135.89","164,988,900"
"May 3, 2024","7,142.86","7,165.10","7,094.62","7,134.72","7,134.72","159,524,500"
"May 2, 2024","7,227.61","7,232.95","7,072.47","7,117.42","7,117.42","145,628,700"
"Apr 30, 2024","7,187.41","7,266.87","7,179.69","7,234.20","7,234.20","156,560,600"
"Apr 29, 2024","7,021.49","7,155.78","7,021.49","7,155.78","7,155.78","129,998,600"
"Apr 26, 2024","7,137.93","7,149.25","7,036.08","7,036.08","7,036.08","137,603,900"
"Apr 25, 2024","7,167.98","7,177.06","7,132.10","7,155.29","7,155.29","140,400,000"
"Apr 24, 2024","7,127.05","7,191.18","7,126.85","7,174.53","7,174.53","154,056,000"
"Apr 23, 2024","7,102.81","7,165.95","7,099.84","7,110.81","7,110.81","172,892,100"
"Apr 22, 2024","7,099.52","7,117.02","7,026.48","7,073.82","7,073.82","121,595,900"
"Apr 19, 2024","7,131.46","7,141.58","7,036.21","7,087.32","7,087.32","150,694,500"
"Apr 18, 2024","7,151.74","7,180.56","7,135.52","7,166.81","7,166.81","129,376,600"
"Apr 17, 2024","7,199.83","7,234.37","7,130.84","7,130.84","7,130.84","143,541,300"
"Apr 16, 2024","7,130.63","7,188.09","7,066.57","7,164.81","7,164.81","175,642,500"
"Apr 5, 2024","7,245.32","7,298.86","7,239.27","7,286.88","7,286.88","94,886,600"
"Apr 4, 2024","7,170.72","7,254.40","7,165.83","7,254.40","7,254.40","108,900,300"
"Apr 3, 2024","7,214.02","7,226.35","7,158.74","7,166.84","7,166.84","111,040,300"
"Apr 2, 2024","7,199.12","7,236.98","7,153.94","7,236.98","7,236.98","127,711,500"
"Apr 1, 2024","7,286.11","7,295.00","7,137.46","7,205.06","7,205.06","124,345,600"
"Mar 28, 2024","7,289.16","7,313.01","7,244.95","7,288.81","7,288.81","124,084,200"
"Mar 27, 2024","7,364.23","7,375.40","7,292.80","7,310.09","7,310.09","125,276,700"
"Mar 26, 2024","7,337.66","7,371.84","7,330.46","7,365.66","7,365.66","138,442,500"
"Mar 25, 2024","7,339.52","7,377.76","7,316.93","7,377.76","7,377.76","124,315,600"
"Mar 22, 2024","7,327.51","7,350.15","7,318.44","7,350.15","7,350.15","123,735,900"
"Mar 21, 2024","7,360.56","7,396.47","7,336.60","7,338.35","7,338.35","139,792,200"
"Mar 20, 2024","7,303.93","7,343.46","7,295.35","7,331.13","7,331.13","169,731,600"
"Mar 19, 2024","7,320.54","7,361.53","7,314.18","7,336.75","7,336.75","137,594,400"
"Mar 18, 2024","7,338.08","7,358.55","7,300.94","7,302.45","7,302.45","155,334,600"
"Mar 15, 2024","7,408.66","7,416.34","7,308.04","7,328.05","7,328.05","231,480,500"
"Mar 14, 2024","7,405.57","7,454.45","7,380.65","7,433.31","7,433.31","129,206,200"
"Mar 13, 2024","7,422.30","7,441.62","7,392.01","7,421.21","7,421.21","135,225,800"
"Mar 8, 2024","7,398.43","7,416.43","7,376.16","7,381.91","7,381.91","125,243,200"
"Mar 7, 2024","7,338.73","7,386.87","7,334.31","7,373.96","7,373.96","193,312,700"
"Mar 6, 2024","7,252.08","7,331.08","7,248.53","7,329.80","7,329.80","180,285,900"
"Mar 5, 2024","7,296.53","7,305.45","7,238.34","7,247.46","7,247.46","152,811,800"
"Mar 4, 2024","7,318.83","7,328.38","7,259.78","7,276.75","7,276.75","168,064,100"
"Mar 1, 2024","7,318.67","7,331.32","7,269.89","7,311.91","7,311.91","134,622,000"
"Feb 29, 2024","7,326.80","7,337.92","7,289.34","7,316.11","7,316.11","230,050,900"
"Feb 28, 2024","7,292.08","7,328.74","7,289.26","7,328.64","7,328.64","220,356,500"
"Feb 27, 2024","7,263.99","7,292.93","7,255.12","7,285.32","7,285.32","183,851,000"
"Feb 26, 2024","7,277.64","7,295.14","7,252.28","7,283.82","7,283.82","147,080,400"
"Feb 23, 2024","7,326.53","7,340.19","7,262.10","7,295.10","7,295.10","146,259,500"
"Feb 22, 2024","7,334.95","7,365.76","7,321.52","7,339.64","7,339.64","154,523,800"
"Feb 21, 2024","7,345.79","7,370.88","7,286.67","7,349.02","7,349.02","152,570,100"
"Feb 20, 2024","7,320.72","7,354.11","7,309.50","7,352.60","7,352.60","129,972,000"
"Feb 19, 2024","7,323.31","7,339.76","7,277.54","7,296.70","7,296.70","151,238,000"
"Feb 16, 2024","7,337.82","7,370.57","7,314.88","7,335.54","7,335.54","146,427,800"
"Feb 15, 2024","7,337.63","7,365.68","7,298.48","7,303.28","7,303.28","184,420,400"
"Feb 13, 2024","7,301.59","7,301.59","7,197.83","7,209.74","7,209.74","128,287,400"
"Feb 12, 2024","7,268.33","7,306.16","7,250.31","7,297.67","7,297.67","178,661,300"
"Feb 7, 2024","7,264.98","7,285.13","7,225.45","7,235.15","7,235.15","138,054,800"
"Feb 6, 2024","7,230.15","7,268.13","7,212.14","7,247.41","7,247.41","138,020,300"
"Feb 5, 2024","7,237.33","7,254.09","7,186.17","7,198.62","7,198.62","137,325,900"
"Feb 2, 2024","7,221.90","7,238.79","7,180.36","7,238.79","7,238.79","114,364,900"
"Feb 1, 2024","7,221.85","7,248.53","7,191.69","7,201.70","7,201.70","157,409,100"
"Jan 31, 2024","7,213.31","7,247.52","7,192.64","7,207.94","7,207.94","170,270,400"
"Jan 30, 2024","7,147.24","7,213.19","7,133.61","7,192.22","7,192.22","182,161,800"
"Jan 29, 2024","7,147.71","7,177.70","7,115.04","7,157.17","7,157.17","160,408,500"
"Jan 26, 2024","7,152.27","7,166.69","7,099.08","7,137.09","7,137.09","140,214,300"
"Jan 25, 2024","7,215.53","7,253.72","7,176.11","7,178.04","7,178.04","130,391,900"
"Jan 24, 2024","7,255.77","7,271.96","7,170.30","7,227.82","7,227.82","128,902,300"
"Jan 23, 2024","7,232.52","7,256.23","7,201.83","7,256.23","7,256.23","132,610,200"
"Jan 22, 2024","7,233.17","7,247.93","7,194.95","7,247.93","7,247.93","141,722,200"
"Jan 19, 2024","7,271.34","7,277.98","7,170.81","7,227.40","7,227.40","137,359,600"
"Jan 18, 2024","7,198.85","7,267.08","7,185.38","7,252.97","7,252.97","158,921,700"
"Jan 17, 2024","7,248.01","7,252.46","7,162.48","7,200.63","7,200.63","202,143,100"
"Jan 16, 2024","7,231.64","7,268.18","7,210.03","7,242.79","7,242.79","130,295,500"
"Jan 15, 2024","7,254.04","7,281.26","7,206.31","7,224.00","7,224.00","132,959,600"
"Jan 12, 2024","7,242.37","7,271.87","7,205.76","7,241.14","7,241.14","152,196,500"
"Jan 11, 2024","7,253.46","7,277.50","7,219.96","7,219.96","7,219.96","190,523,900"
"Jan 10, 2024","7,187.58","7,259.60","7,152.88","7,227.30","7,227.30","152,699,300"
"Jan 9, 2024","7,299.78","7,311.64","7,180.16","7,200.20","7,200.20","152,570,700"
"Jan 8, 2024","7,362.05","7,393.13","7,275.17","7,283.58","7,283.58","140,602,400"
"Jan 5, 2024","7,376.29","7,403.58","7,350.62","7,350.62","7,350.62","163,057,200"
"Jan 4, 2024","7,290.06","7,371.23","7,280.41","7,359.76","7,359.76","155,674,900"
"Jan 3, 2024","7,316.11","7,321.88","7,275.87","7,279.09","7,279.09","159,498,400"
"Jan 2, 2024","7,268.40","7,323.59","7,245.57","7,323.59","7,323.59","121,359,000"
"Dec 29, 2023","7,307.11","7,309.78","7,259.68","7,272.80","7,272.80","123,172,800"
"Dec 28, 2023","7,266.57","7,308.21","7,262.25","7,303.89","7,303.89","123,036,000"
"Dec 27, 2023","7,256.16","7,293.52","7,239.66","7,245.92","7,245.92","124,953,000"
"Dec 22, 2023","7,225.62","7,248.55","7,218.17","7,237.52","7,237.52","111,284,900"
"Dec 21, 2023","7,222.09","7,229.29","7,173.01","7,209.62","7,209.62","144,347,800"
"Dec 20, 2023","7,207.18","7,237.97","7,196.24","7,219.67","7,219.67","142,313,600"
"Dec 19, 2023","7,116.55","7,187.85","7,112.82","7,187.85","7,187.85","155,446,500"
"Dec 18, 2023","7,181.43","7,192.89","7,092.03","7,119.52","7,119.52","239,480,200"
"Dec 15, 2023","7,183.15","7,215.94","7,169.43","7,190.99","7,190.99","207,901,200"
"Dec 14, 2023","7,134.04","7,191.16","7,115.45","7,176.02","7,176.02","228,648,300"
"Dec 13, 2023","7,110.08","7,124.48","7,045.94","7,075.34","7,075.34","182,766,500"
"Dec 12, 2023","7,104.97","7,134.22","7,082.88","7,125.31","7,125.31","255,110,500"
"Dec 11, 2023","7,139.28","7,153.12","7,045.17","7,088.79","7,088.79","490,104,800"
"Dec 8, 2023","7,134.62","7,201.63","7,123.04","7,159.60","7,159.60","270,037,600"
"Dec 7, 2023","7,087.40","7,134.62","7,041.01","7,134.62","7,134.62","235,230,700"
"Dec 6, 2023","7,100.85","7,140.16","7,085.81","7,087.40","7,087.40","272,847,500"
"Dec 5, 2023","7,093.06","7,117.58","7,047.63","7,100.85","7,100.85","319,577,000"
"Dec 4, 2023","7,060.04","7,149.24","7,060.04","7,093.60","7,093.60","308,380,600"
"Dec 1, 2023","7,080.06","7,083.86","7,022.77","7,059.91","7,059.91","265,990,100"
"Nov 30, 2023","7,036.09","7,109.61","7,036.09","7,080.74","7,080.74","259,745,500"
"Nov 29, 2023","7,041.07","7,070.19","7,020.01","7,036.09","7,036.09","167,555,900"
"Nov 28, 2023","7,013.41","7,067.14","7,010.83","7,041.07","7,041.07","167,633,600"
"Nov 27, 2023","7,009.63","7,061.83","7,008.81","7,013.41","7,013.41","163,462,500"
"Nov 24, 2023","7,004.48","7,049.54","7,000.10","7,009.63","7,009.63","181,146,200"
"Nov 23, 2023","6,907.09","7,018.43","6,906.61","7,004.34","7,004.34","219,080,000"
"Nov 22, 2023","6,961.79","6,965.41","6,893.51","6,906.95","6,906.95","181,914,600"
"Nov 21, 2023","6,994.89","7,010.98","6,946.96","6,961.79","6,961.79","160,615,900"
"Nov 20, 2023","6,977.67","7,011.06","6,962.75","6,994.89","6,994.89","150,491,900"
"Nov 17, 2023","6,958.15","6,977.67","6,919.63","6,977.67","6,977.67","122,926,700"
"Nov 16, 2023","6,958.34","6,964.17","6,906.59","6,958.01","6,958.01","122,880,300"
"Nov 15, 2023","6,862.33","6,985.59","6,862.33","6,958.21","6,958.21","181,839,600"
"Nov 14, 2023","6,838.04","6,886.81","6,829.95","6,862.06","6,862.06","152,609,900"
"Nov 13, 2023","6,809.26","6,857.10","6,809.26","6,838.31","6,838.31","187,630,200"
"Nov 10, 2023","6,838.23","6,843.96","6,801.92","6,809.26","6,809.26","133,618,500"
"Nov 9, 2023","6,804.11","6,865.08","6,793.76","6,838.23","6,838.23","120,495,400"
"Nov 8, 2023","6,843.65","6,843.92","6,760.10","6,804.11","6,804.11","151,412,300"
"Nov 7, 2023","6,878.84","6,887.02","6,806.88","6,843.79","6,843.79","193,087,900"
"Nov 6, 2023","6,788.85","6,878.84","6,787.23","6,878.84","6,878.84","228,787,500"
"Nov 3, 2023","6,751.39","6,826.62","6,748.70","6,788.85","6,788.85","231,714,900"
"Nov 2, 2023","6,642.69","6,785.00","6,642.69","6,751.39","6,751.39","221,191,100"
"Nov 1, 2023","6,751.94","6,773.98","6,639.82","6,642.42","6,642.42","206,571,400"
"Oct 31, 2023","6,735.89","6,754.52","6,666.41","6,752.21","6,752.21","195,489,700"
"Oct 30, 2023","6,758.66","6,775.21","6,692.78","6,735.89","6,735.89","157,763,400"
"Oct 27, 2023","6,714.52","6,781.39","6,713.94","6,758.79","6,758.79","163,096,100"
"Oct 26, 2023","6,833.98","6,838.81","6,704.52","6,714.52","6,714.52","168,306,200"
"Oct 25, 2023","6,806.90","6,878.56","6,806.90","6,834.39","6,834.39","153,802,700"
"Oct 24, 2023","6,741.83","6,826.05","6,738.53","6,806.76","6,806.76","141,478,700"
"Oct 23, 2023","6,849.17","6,853.45","6,730.88","6,741.96","6,741.96","168,543,100"
"Oct 20, 2023","6,846.43","6,869.47","6,803.19","6,849.17","6,849.17","194,064,800"
"Oct 19, 2023","6,927.63","6,927.98","6,840.37","6,846.43","6,846.43","205,941,400"
"Oct 18, 2023","6,939.62","6,968.25","6,908.29","6,927.91","6,927.91","187,464,900"
"Oct 17, 2023","6,896.29","6,948.04","6,892.23","6,939.62","6,939.62","176,866,700"
"Oct 16, 2023","6,926.92","6,970.60","6,878.26","6,896.29","6,896.29","341,572,100"
"Oct 13, 2023","6,934.88","6,973.75","6,902.06","6,926.78","6,926.78","216,335,000"
"Oct 12, 2023","6,931.89","6,986.88","6,931.89","6,935.15","6,935.15","218,808,900"
"Oct 11, 2023","6,922.19","6,965.83","6,914.72","6,931.75","6,931.75","178,123,100"
"Oct 10, 2023","6,891.46","6,954.01","6,891.46","6,922.19","6,922.19","123,670,000"
"Oct 9, 2023","6,888.52","6,929.97","6,880.54","6,891.46","6,891.46","139,709,000"
"Oct 6, 2023","6,875.10","6,913.01","6,875.10","6,888.52","6,888.52","142,303,700"
"Oct 5, 2023","6,886.99","6,934.80","6,874.83","6,874.83","6,874.83","167,955,300"
"Oct 4, 2023","6,940.89","6,943.27","6,839.86","6,886.58","6,886.58","196,090,300"
"Oct 3, 2023","6,961.46","6,992.63","6,940.89","6,940.89","6,940.89","167,668,900"
"Oct 2, 2023","6,939.89","6,984.58","6,939.61","6,961.46","6,961.46","157,872,500"
"Sep 29, 2023","6,937.83","6,978.59","6,937.83","6,939.89","6,939.89","165,659,400"
"Sep 27, 2023","6,923.80","6,970.85","6,913.35","6,937.83","6,937.83","154,929,800"
"Sep 26, 2023","6,998.10","7,019.55","6,913.82","6,923.80","6,923.80","222,491,300"
"Sep 25, 2023","7,016.98","7,029.77","6,994.44","6,998.38","6,998.38","182,991,900"
"Sep 22, 2023","6,991.47","7,040.13","6,985.96","7,016.84","7,016.84","155,659,000"
"Sep 21, 2023","7,011.68","7,021.29","6,974.01","6,991.47","6,991.47","138,027,800"
"Sep 20, 2023","6,980.32","7,046.48","6,980.32","7,011.68","7,011.68","146,616,600"
"Sep 19, 2023","6,936.37","6,994.04","6,934.71","6,980.32","6,980.32","135,442,200"
"Sep 18, 2023","6,982.79","6,999.40","6,928.77","6,936.08","6,936.08","153,763,100"
"Sep 15, 2023","6,959.19","7,011.88","6,945.07","6,982.79","6,982.79","346,903,000"
"Sep 14, 2023","6,935.33","6,968.98","6,927.68","6,959.33","6,959.33","171,813,100"
"Sep 13, 2023","6,934.11","6,944.82","6,903.23","6,935.48","6,935.48","163,898,700"
"Sep 12, 2023","6,963.39","6,976.48","6,928.23","6,933.97","6,933.97","174,683,500"
"Sep 11, 2023","6,924.78","6,963.39","6,904.36","6,963.39","6,963.39","174,103,700"
"Sep 8, 2023","6,954.81","6,966.77","6,900.59","6,924.78","6,924.78","140,402,900"
"Sep 7, 2023","6,996.10","7,003.67","6,927.42","6,954.81","6,954.81","191,159,400"
"Sep 6, 2023","6,991.71","7,020.97","6,989.79","6,995.95","6,995.95","165,422,100"
"Sep 5, 2023","6,996.75","7,014.48","6,972.63","6,991.71","6,991.71","183,173,900"
"Sep 4, 2023","6,977.80","7,007.80","6,974.82","6,996.75","6,996.75","154,577,900"
"Sep 1, 2023","6,953.26","6,992.63","6,950.26","6,977.65","6,977.65","145,790,000"
"Aug 31, 2023","6,966.66","6,982.35","6,924.23","6,953.26","6,953.26","233,127,700"
"Aug 30, 2023","6,958.26","7,008.49","6,958.26","6,966.66","6,966.66","159,326,300"
"Aug 29, 2023","6,921.73","6,964.73","6,921.73","6,957.83","6,957.83","244,345,800"